name	value
	0.28310402
	0.17693782
	-0.05774041
	-0.0228426
	-0.52570086
	-0.17921471
	0.39549628
	0.0710471
